Rk,Team,Date,,Opp,Result
1,GSW,2024-04-14,,UTA,W 123-116
2,GSW,2024-04-12,,NOP,L 109-114
3,GSW,2024-04-11,@,POR,W 100-92
4,GSW,2024-04-09,@,LAL,W 134-120
5,GSW,2024-04-07,,UTA,W 118-110
6,GSW,2024-04-05,@,DAL,L 106-108
7,GSW,2024-04-04,@,HOU,W 133-110
8,GSW,2024-04-02,,DAL,W 104-100
9,GSW,2024-03-31,@,SAS,W 117-113
10,GSW,2024-03-29,@,CHO,W 115-97
11,GSW,2024-03-27,@,ORL,W 101-93
12,GSW,2024-03-26,@,MIA,W 113-92
13,GSW,2024-03-24,@,MIN,L 110-114
14,GSW,2024-03-22,,IND,L 111-123
15,GSW,2024-03-20,,MEM,W 137-116
16,GSW,2024-03-18,,NYK,L 112-119
17,GSW,2024-03-16,@,LAL,W 128-121
18,GSW,2024-03-13,@,DAL,L 99-109
19,GSW,2024-03-11,@,SAS,W 112-102
20,GSW,2024-03-09,,SAS,L 113-126
21,GSW,2024-03-07,,CHI,L 122-125
22,GSW,2024-03-06,,MIL,W 125-90
23,GSW,2024-03-03,@,BOS,L 88-140
24,GSW,2024-03-01,@,TOR,W 120-105
25,GSW,2024-02-29,@,NYK,W 110-99
26,GSW,2024-02-27,@,WAS,W 123-112
27,GSW,2024-02-25,,DEN,L 103-119
28,GSW,2024-02-23,,CHO,W 97-84
29,GSW,2024-02-22,,LAL,W 128-110
30,GSW,2024-02-15,@,UTA,W 140-137
31,GSW,2024-02-14,,LAC,L 125-130
32,GSW,2024-02-12,@,UTA,W 129-107
33,GSW,2024-02-10,,PHO,W 113-112
34,GSW,2024-02-08,@,IND,W 131-109
35,GSW,2024-02-07,@,PHI,W 127-104
36,GSW,2024-02-05,@,BRK,W 109-98
37,GSW,2024-02-03,@,ATL,L 134-141 (OT)
38,GSW,2024-02-02,@,MEM,W 121-101
39,GSW,2024-01-30,,PHI,W 119-107
40,GSW,2024-01-27,,LAL,L 144-145 (2OT)
41,GSW,2024-01-25,,SAC,L 133-134
42,GSW,2024-01-24,,ATL,W 134-112
43,GSW,2024-01-15,@,MEM,L 107-116
44,GSW,2024-01-13,@,MIL,L 118-129
45,GSW,2024-01-12,@,CHI,W 140-131
46,GSW,2024-01-10,,NOP,L 105-141
47,GSW,2024-01-07,,TOR,L 118-133
48,GSW,2024-01-05,,DET,W 113-109
49,GSW,2024-01-04,,DEN,L 127-130
50,GSW,2024-01-02,,ORL,W 121-115
51,GSW,2023-12-30,,DAL,L 122-132
52,GSW,2023-12-28,,MIA,L 102-114
53,GSW,2023-12-25,@,DEN,L 114-120
54,GSW,2023-12-23,,POR,W 126-106
55,GSW,2023-12-22,,WAS,W 129-118
56,GSW,2023-12-19,,BOS,W 132-126 (OT)
57,GSW,2023-12-17,@,POR,W 118-114
58,GSW,2023-12-16,,BRK,W 124-120
59,GSW,2023-12-14,@,LAC,L 113-121
60,GSW,2023-12-12,@,PHO,L 116-119
61,GSW,2023-12-08,@,OKC,L 136-138 (OT)
62,GSW,2023-12-06,,POR,W 110-106
63,GSW,2023-12-02,@,LAC,L 112-113
64,GSW,2023-11-30,,LAC,W 120-114
65,GSW,2023-11-28,@,SAC,L 123-124
66,GSW,2023-11-24,,SAS,W 118-112
67,GSW,2023-11-22,@,PHO,L 115-123
68,GSW,2023-11-20,,HOU,W 121-116
69,GSW,2023-11-18,,OKC,L 123-130 (OT)
70,GSW,2023-11-16,,OKC,L 109-128
71,GSW,2023-11-14,,MIN,L 101-104
72,GSW,2023-11-12,,MIN,L 110-116
73,GSW,2023-11-11,,CLE,L 110-118
74,GSW,2023-11-08,@,DEN,L 105-108
75,GSW,2023-11-06,@,DET,W 120-109
76,GSW,2023-11-05,@,CLE,L 104-115
77,GSW,2023-11-03,@,OKC,W 141-139
78,GSW,2023-11-01,,SAC,W 102-101
79,GSW,2023-10-30,@,NOP,W 130-102
80,GSW,2023-10-29,@,HOU,W 106-95
81,GSW,2023-10-27,@,SAC,W 122-114
82,GSW,2023-10-24,,PHO,L 104-108
83,GSW,2023-04-09,@,POR,W 157-101
84,GSW,2023-04-07,@,SAC,W 119-97
85,GSW,2023-04-04,,OKC,W 136-125
86,GSW,2023-04-02,@,DEN,L 110-112
87,GSW,2023-03-31,,SAS,W 130-115
88,GSW,2023-03-28,,NOP,W 120-109
89,GSW,2023-03-26,,MIN,L 96-99
90,GSW,2023-03-24,,PHI,W 120-112
91,GSW,2023-03-22,@,DAL,W 127-125
92,GSW,2023-03-20,@,HOU,W 121-108
93,GSW,2023-03-18,@,MEM,L 119-133
94,GSW,2023-03-17,@,ATL,L 119-127
95,GSW,2023-03-15,@,LAC,L 126-134
96,GSW,2023-03-13,,PHO,W 123-112
97,GSW,2023-03-11,,MIL,W 125-116 (OT)
98,GSW,2023-03-09,@,MEM,L 110-131
99,GSW,2023-03-07,@,OKC,L 128-137
100,GSW,2023-03-05,@,LAL,L 105-113
101,GSW,2023-03-03,,NOP,W 108-99
102,GSW,2023-03-02,,LAC,W 115-91
103,GSW,2023-02-28,,POR,W 123-105
104,GSW,2023-02-26,,MIN,W 109-104
105,GSW,2023-02-24,,HOU,W 116-101
106,GSW,2023-02-23,@,LAL,L 111-124
107,GSW,2023-02-14,@,LAC,L 124-134
108,GSW,2023-02-13,,WAS,W 135-126
109,GSW,2023-02-11,,LAL,L 103-109
110,GSW,2023-02-08,@,POR,L 122-125
111,GSW,2023-02-06,,OKC,W 141-114
112,GSW,2023-02-04,,DAL,W 119-113
113,GSW,2023-02-02,@,DEN,L 117-134
114,GSW,2023-02-01,@,MIN,L 114-119 (OT)
115,GSW,2023-01-30,@,OKC,W 128-120
116,GSW,2023-01-27,,TOR,W 129-117
117,GSW,2023-01-25,,MEM,W 122-120
118,GSW,2023-01-22,,BRK,L 116-120
119,GSW,2023-01-20,@,CLE,W 120-114
120,GSW,2023-01-19,@,BOS,L 118-121 (OT)
121,GSW,2023-01-16,@,WAS,W 127-118
122,GSW,2023-01-15,@,CHI,L 118-132
123,GSW,2023-01-13,@,SAS,W 144-113
124,GSW,2023-01-10,,PHO,L 113-125
125,GSW,2023-01-07,,ORL,L 101-115
126,GSW,2023-01-04,,DET,L 119-122
127,GSW,2023-01-02,,ATL,W 143-141 (2OT)
128,GSW,2022-12-30,,POR,W 118-112
129,GSW,2022-12-28,,UTA,W 112-107
130,GSW,2022-12-27,,CHO,W 110-105
131,GSW,2022-12-25,,MEM,W 123-109
132,GSW,2022-12-21,@,BRK,L 113-143
133,GSW,2022-12-20,@,NYK,L 94-132
134,GSW,2022-12-18,@,TOR,W 126-110
135,GSW,2022-12-16,@,PHI,L 106-118
136,GSW,2022-12-14,@,IND,L 119-125
137,GSW,2022-12-13,@,MIL,L 111-128
138,GSW,2022-12-10,,BOS,W 123-107
139,GSW,2022-12-07,@,UTA,L 123-124
140,GSW,2022-12-05,,IND,L 104-112
141,GSW,2022-12-03,,HOU,W 120-101
142,GSW,2022-12-02,,CHI,W 119-111
143,GSW,2022-11-29,@,DAL,L 113-116
144,GSW,2022-11-27,@,MIN,W 137-114
145,GSW,2022-11-25,,UTA,W 129-118
146,GSW,2022-11-23,,LAC,W 124-107
147,GSW,2022-11-21,@,NOP,L 83-128
148,GSW,2022-11-20,@,HOU,W 127-120
149,GSW,2022-11-18,,NYK,W 111-101
150,GSW,2022-11-16,@,PHO,L 119-130
151,GSW,2022-11-14,,SAS,W 132-95
152,GSW,2022-11-13,@,SAC,L 115-122
153,GSW,2022-11-11,,CLE,W 106-101
154,GSW,2022-11-07,,SAC,W 116-113
155,GSW,2022-11-04,@,NOP,L 105-114
156,GSW,2022-11-03,@,ORL,L 129-130
157,GSW,2022-11-01,@,MIA,L 109-116
158,GSW,2022-10-30,@,DET,L 114-128
159,GSW,2022-10-29,@,CHO,L 113-120 (OT)
160,GSW,2022-10-27,,MIA,W 123-110
161,GSW,2022-10-25,@,PHO,L 105-134
162,GSW,2022-10-23,,SAC,W 130-125
163,GSW,2022-10-21,,DEN,L 123-128
164,GSW,2022-10-18,,LAL,W 123-109
165,GSW,2022-04-10,@,NOP,W 128-107
166,GSW,2022-04-09,@,SAS,W 100-94
167,GSW,2022-04-07,,LAL,W 128-112
168,GSW,2022-04-03,@,SAC,W 109-90
169,GSW,2022-04-02,,UTA,W 111-107
170,GSW,2022-03-30,,PHO,L 103-107
171,GSW,2022-03-28,@,MEM,L 95-123
172,GSW,2022-03-27,@,WAS,L 115-123
173,GSW,2022-03-25,@,ATL,L 110-121
174,GSW,2022-03-23,@,MIA,W 118-104
175,GSW,2022-03-22,@,ORL,L 90-94
176,GSW,2022-03-20,,SAS,L 108-110
177,GSW,2022-03-16,,BOS,L 88-110
178,GSW,2022-03-14,,WAS,W 126-112
179,GSW,2022-03-12,,MIL,W 122-109
180,GSW,2022-03-10,@,DEN,W 113-102
181,GSW,2022-03-08,,LAC,W 112-97
182,GSW,2022-03-07,@,DEN,L 124-131
183,GSW,2022-03-05,@,LAL,L 116-124
184,GSW,2022-03-03,@,DAL,L 113-122
185,GSW,2022-03-01,@,MIN,L 114-129
186,GSW,2022-02-27,,DAL,L 101-107
187,GSW,2022-02-24,@,POR,W 132-95
188,GSW,2022-02-16,,DEN,L 116-117
189,GSW,2022-02-14,@,LAC,L 104-119
190,GSW,2022-02-12,,LAL,W 117-115
191,GSW,2022-02-10,,NYK,L 114-116
192,GSW,2022-02-09,@,UTA,L 85-111
193,GSW,2022-02-07,@,OKC,W 110-98
194,GSW,2022-02-03,,SAC,W 126-114
195,GSW,2022-02-01,@,SAS,W 124-120
196,GSW,2022-01-31,@,HOU,W 122-108
197,GSW,2022-01-29,,BRK,W 110-106
198,GSW,2022-01-27,,MIN,W 124-115
199,GSW,2022-01-25,,DAL,W 130-92
200,GSW,2022-01-23,,UTA,W 94-92
201,GSW,2022-01-21,,HOU,W 105-103
202,GSW,2022-01-20,,IND,L 117-121 (OT)
203,GSW,2022-01-18,,DET,W 102-86
204,GSW,2022-01-16,@,MIN,L 99-119
205,GSW,2022-01-14,@,CHI,W 138-96
206,GSW,2022-01-13,@,MIL,L 99-118
207,GSW,2022-01-11,@,MEM,L 108-116
208,GSW,2022-01-09,,CLE,W 96-82
209,GSW,2022-01-06,@,NOP,L 96-101
210,GSW,2022-01-05,@,DAL,L 82-99
211,GSW,2022-01-03,,MIA,W 115-108
212,GSW,2022-01-01,@,UTA,W 123-116
213,GSW,2021-12-28,,DEN,L 86-89
214,GSW,2021-12-25,@,PHO,W 116-107
215,GSW,2021-12-23,,MEM,W 113-104
216,GSW,2021-12-20,,SAC,W 113-98
217,GSW,2021-12-18,@,TOR,L 100-119
218,GSW,2021-12-17,@,BOS,W 111-107
219,GSW,2021-12-14,@,NYK,W 105-96
220,GSW,2021-12-13,@,IND,W 102-100
221,GSW,2021-12-11,@,PHI,L 93-102
222,GSW,2021-12-08,,POR,W 104-94
223,GSW,2021-12-06,,ORL,W 126-95
224,GSW,2021-12-04,,SAS,L 107-112
225,GSW,2021-12-03,,PHO,W 118-96
226,GSW,2021-11-30,@,PHO,L 96-104
227,GSW,2021-11-28,@,LAC,W 105-90
228,GSW,2021-11-26,,POR,W 118-103
229,GSW,2021-11-24,,PHI,W 116-96
230,GSW,2021-11-21,,TOR,W 119-104
231,GSW,2021-11-19,@,DET,W 105-102
232,GSW,2021-11-18,@,CLE,W 104-89
233,GSW,2021-11-16,@,BRK,W 117-99
234,GSW,2021-11-14,@,CHO,L 102-106
235,GSW,2021-11-12,,CHI,W 119-93
236,GSW,2021-11-10,,MIN,W 123-110
237,GSW,2021-11-08,,ATL,W 127-113
238,GSW,2021-11-07,,HOU,W 120-107
239,GSW,2021-11-05,,NOP,W 126-85
240,GSW,2021-11-03,,CHO,W 114-92
241,GSW,2021-10-30,,OKC,W 103-82
242,GSW,2021-10-28,,MEM,L 101-104 (OT)
243,GSW,2021-10-26,@,OKC,W 106-98
244,GSW,2021-10-24,@,SAC,W 119-107
245,GSW,2021-10-21,,LAC,W 115-113
246,GSW,2021-10-19,@,LAL,W 121-114
247,GSW,2021-05-16,,MEM,W 113-101
248,GSW,2021-05-14,,NOP,W 125-122
249,GSW,2021-05-11,,PHO,W 122-116
250,GSW,2021-05-10,,UTA,W 119-116
251,GSW,2021-05-08,,OKC,W 136-97
252,GSW,2021-05-06,,OKC,W 118-97
253,GSW,2021-05-04,@,NOP,L 103-108
254,GSW,2021-05-03,@,NOP,W 123-108
255,GSW,2021-05-01,@,HOU,W 113-87
256,GSW,2021-04-29,@,MIN,L 114-126
257,GSW,2021-04-27,,DAL,L 103-133
258,GSW,2021-04-25,,SAC,W 117-113
259,GSW,2021-04-23,,DEN,W 118-97
260,GSW,2021-04-21,@,WAS,L 114-118
261,GSW,2021-04-19,@,PHI,W 107-96
262,GSW,2021-04-17,@,BOS,L 114-119
263,GSW,2021-04-15,@,CLE,W 119-101
264,GSW,2021-04-14,@,OKC,W 147-109
265,GSW,2021-04-12,,DEN,W 116-107
266,GSW,2021-04-10,,HOU,W 125-109
267,GSW,2021-04-09,,WAS,L 107-110
268,GSW,2021-04-06,,MIL,W 122-121
269,GSW,2021-04-04,@,ATL,L 111-117
270,GSW,2021-04-02,@,TOR,L 77-130
271,GSW,2021-04-01,@,MIA,L 109-116
272,GSW,2021-03-29,,CHI,W 116-102
273,GSW,2021-03-26,,ATL,L 108-124
274,GSW,2021-03-25,@,SAC,L 119-141
275,GSW,2021-03-23,,PHI,L 98-108
276,GSW,2021-03-20,@,MEM,L 103-111
277,GSW,2021-03-19,@,MEM,W 116-103
278,GSW,2021-03-17,@,HOU,W 108-94
279,GSW,2021-03-15,,LAL,L 97-128
280,GSW,2021-03-14,,UTA,W 131-119
281,GSW,2021-03-11,@,LAC,L 104-130
282,GSW,2021-03-04,@,PHO,L 98-120
283,GSW,2021-03-03,@,POR,L 106-108
284,GSW,2021-02-28,@,LAL,L 91-117
285,GSW,2021-02-26,,CHO,W 130-121
286,GSW,2021-02-24,@,IND,W 111-107
287,GSW,2021-02-23,@,NYK,W 114-106
288,GSW,2021-02-20,@,CHO,L 100-102
289,GSW,2021-02-19,@,ORL,L 120-124
290,GSW,2021-02-17,,MIA,W 120-112 (OT)
291,GSW,2021-02-15,,CLE,W 129-98
292,GSW,2021-02-13,,BRK,L 117-134
293,GSW,2021-02-11,,ORL,W 111-105
294,GSW,2021-02-09,@,SAS,W 114-91
295,GSW,2021-02-08,@,SAS,L 100-105
296,GSW,2021-02-06,@,DAL,L 132-134
297,GSW,2021-02-04,@,DAL,W 147-116
298,GSW,2021-02-02,,BOS,L 107-111
299,GSW,2021-01-30,,DET,W 118-91
300,GSW,2021-01-28,@,PHO,L 93-114
301,GSW,2021-01-27,,MIN,W 123-111
302,GSW,2021-01-25,,MIN,W 130-108
303,GSW,2021-01-23,@,UTA,L 108-127
304,GSW,2021-01-21,,NYK,L 104-119
305,GSW,2021-01-20,,SAS,W 121-99
306,GSW,2021-01-18,@,LAL,W 115-113
307,GSW,2021-01-14,@,DEN,L 104-114
308,GSW,2021-01-12,,IND,L 95-104
309,GSW,2021-01-10,,TOR,W 106-105
310,GSW,2021-01-08,,LAC,W 115-105
311,GSW,2021-01-06,,LAC,L 101-108
312,GSW,2021-01-04,,SAC,W 137-106
313,GSW,2021-01-03,,POR,W 137-122
314,GSW,2021-01-01,,POR,L 98-123
315,GSW,2020-12-29,@,DET,W 116-106
316,GSW,2020-12-27,@,CHI,W 129-128
317,GSW,2020-12-25,@,MIL,L 99-138
318,GSW,2020-12-22,@,BRK,L 99-125
319,GSW,2020-03-10,,LAC,L 107-131
320,GSW,2020-03-07,,PHI,W 118-114
321,GSW,2020-03-05,,TOR,L 113-121
322,GSW,2020-03-03,@,DEN,W 116-100
323,GSW,2020-03-01,,WAS,L 110-124
324,GSW,2020-02-29,@,PHO,W 115-99
325,GSW,2020-02-27,,LAL,L 86-116
326,GSW,2020-02-25,,SAC,L 94-112
327,GSW,2020-02-23,,NOP,L 101-115
328,GSW,2020-02-20,,HOU,L 105-135
329,GSW,2020-02-12,@,PHO,L 106-112
330,GSW,2020-02-10,,MIA,L 101-113
331,GSW,2020-02-08,,LAL,L 120-125
332,GSW,2020-02-05,@,BRK,L 88-129
333,GSW,2020-02-03,@,WAS,W 125-117
334,GSW,2020-02-01,@,CLE,W 131-112
335,GSW,2020-01-30,@,BOS,L 104-119
336,GSW,2020-01-28,@,PHI,L 104-115
337,GSW,2020-01-24,,IND,L 118-129
338,GSW,2020-01-22,,UTA,L 96-129
339,GSW,2020-01-20,@,POR,L 124-129 (OT)
340,GSW,2020-01-18,,ORL,W 109-95
341,GSW,2020-01-16,,DEN,L 131-134 (OT)
342,GSW,2020-01-14,,DAL,L 97-124
343,GSW,2020-01-12,@,MEM,L 102-122
344,GSW,2020-01-10,@,LAC,L 100-109
345,GSW,2020-01-08,,MIL,L 98-107
346,GSW,2020-01-06,@,SAC,L 98-111
347,GSW,2020-01-04,,DET,L 104-111
348,GSW,2020-01-02,@,MIN,L 84-99
349,GSW,2019-12-31,@,SAS,L 113-117 (OT)
350,GSW,2019-12-28,,DAL,L 121-141
351,GSW,2019-12-27,,PHO,W 105-96
352,GSW,2019-12-25,,HOU,W 116-104
353,GSW,2019-12-23,,MIN,W 113-104
354,GSW,2019-12-20,,NOP,W 106-102
355,GSW,2019-12-18,@,POR,L 112-122
356,GSW,2019-12-15,,SAC,L 79-100
357,GSW,2019-12-13,@,UTA,L 106-114
358,GSW,2019-12-11,,NYK,L 122-124 (OT)
359,GSW,2019-12-09,,MEM,L 102-110
360,GSW,2019-12-06,@,CHI,W 100-98
361,GSW,2019-12-04,@,CHO,L 91-106
362,GSW,2019-12-02,@,ATL,L 79-104
363,GSW,2019-12-01,@,ORL,L 96-100
364,GSW,2019-11-29,@,MIA,L 105-122
365,GSW,2019-11-27,,CHI,W 104-90
366,GSW,2019-11-25,,OKC,L 97-100
367,GSW,2019-11-22,@,UTA,L 109-113
368,GSW,2019-11-20,@,DAL,L 94-142
369,GSW,2019-11-19,@,MEM,W 114-95
370,GSW,2019-11-17,@,NOP,L 100-108
371,GSW,2019-11-15,,BOS,L 100-105
372,GSW,2019-11-13,@,LAL,L 94-120
373,GSW,2019-11-11,,UTA,L 108-122
374,GSW,2019-11-09,@,OKC,L 108-114
375,GSW,2019-11-08,@,MIN,L 119-125 (OT)
376,GSW,2019-11-06,@,HOU,L 112-129
377,GSW,2019-11-04,,POR,W 127-118
378,GSW,2019-11-02,,CHO,L 87-93
379,GSW,2019-11-01,,SAS,L 110-127
380,GSW,2019-10-30,,PHO,L 110-121
381,GSW,2019-10-28,@,NOP,W 134-123
382,GSW,2019-10-27,@,OKC,L 92-120
383,GSW,2019-10-24,,LAC,L 122-141
384,GSW,2019-04-10,@,MEM,L 117-132
385,GSW,2019-04-09,@,NOP,W 112-103
386,GSW,2019-04-07,,LAC,W 131-104
387,GSW,2019-04-05,,CLE,W 120-114
388,GSW,2019-04-04,@,LAL,W 108-90
389,GSW,2019-04-02,,DEN,W 116-102
390,GSW,2019-03-31,,CHO,W 137-90
391,GSW,2019-03-29,@,MIN,L 130-131 (OT)
392,GSW,2019-03-27,@,MEM,W 118-103
393,GSW,2019-03-24,,DET,W 121-114
394,GSW,2019-03-23,,DAL,L 91-126
395,GSW,2019-03-21,,IND,W 112-89
396,GSW,2019-03-19,@,MIN,W 117-107
397,GSW,2019-03-18,@,SAS,L 105-111
398,GSW,2019-03-16,@,OKC,W 110-88
399,GSW,2019-03-13,@,HOU,W 106-104
400,GSW,2019-03-10,,PHO,L 111-115
401,GSW,2019-03-08,,DEN,W 122-105
402,GSW,2019-03-05,,BOS,L 95-128
403,GSW,2019-03-02,@,PHI,W 120-117
404,GSW,2019-02-28,@,ORL,L 96-103
405,GSW,2019-02-27,@,MIA,L 125-126
406,GSW,2019-02-25,@,CHO,W 121-110
407,GSW,2019-02-23,,HOU,L 112-118
408,GSW,2019-02-21,,SAC,W 125-123
409,GSW,2019-02-13,@,POR,L 107-129
410,GSW,2019-02-12,,UTA,W 115-108
411,GSW,2019-02-10,,MIA,W 120-118
412,GSW,2019-02-08,@,PHO,W 117-107
413,GSW,2019-02-06,,SAS,W 141-102
414,GSW,2019-02-02,,LAL,W 115-101
415,GSW,2019-01-31,,PHI,L 104-113
416,GSW,2019-01-28,@,IND,W 132-100
417,GSW,2019-01-26,@,BOS,W 115-111
418,GSW,2019-01-24,@,WAS,W 126-118
419,GSW,2019-01-21,@,LAL,W 130-111
420,GSW,2019-01-18,@,LAC,W 112-94
421,GSW,2019-01-16,,NOP,W 147-140
422,GSW,2019-01-15,@,DEN,W 142-111
423,GSW,2019-01-13,@,DAL,W 119-114
424,GSW,2019-01-11,,CHI,W 146-109
425,GSW,2019-01-08,,NYK,W 122-95
426,GSW,2019-01-05,@,SAC,W 127-123
427,GSW,2019-01-03,,HOU,L 134-135 (OT)
428,GSW,2018-12-31,@,PHO,W 132-109
429,GSW,2018-12-29,@,POR,W 115-105
430,GSW,2018-12-27,,POR,L 109-110 (OT)
431,GSW,2018-12-25,,LAL,L 101-127
432,GSW,2018-12-23,,LAC,W 129-127
433,GSW,2018-12-22,,DAL,W 120-116
434,GSW,2018-12-19,@,UTA,L 103-108
435,GSW,2018-12-17,,MEM,W 110-93
436,GSW,2018-12-14,@,SAC,W 130-125
437,GSW,2018-12-12,,TOR,L 93-113
438,GSW,2018-12-10,,MIN,W 116-108
439,GSW,2018-12-07,@,MIL,W 105-95
440,GSW,2018-12-05,@,CLE,W 129-105
441,GSW,2018-12-03,@,ATL,W 128-111
442,GSW,2018-12-01,@,DET,L 102-111
443,GSW,2018-11-29,@,TOR,L 128-131 (OT)
444,GSW,2018-11-26,,ORL,W 116-110
445,GSW,2018-11-24,,SAC,W 117-116
446,GSW,2018-11-23,,POR,W 125-97
447,GSW,2018-11-21,,OKC,L 95-123
448,GSW,2018-11-18,@,SAS,L 92-104
449,GSW,2018-11-17,@,DAL,L 109-112
450,GSW,2018-11-15,@,HOU,L 86-107
451,GSW,2018-11-13,,ATL,W 110-103
452,GSW,2018-11-12,@,LAC,L 116-121 (OT)
453,GSW,2018-11-10,,BRK,W 116-100
454,GSW,2018-11-08,,MIL,L 111-134
455,GSW,2018-11-05,,MEM,W 117-101
456,GSW,2018-11-02,,MIN,W 116-99
457,GSW,2018-10-31,,NOP,W 131-121
458,GSW,2018-10-29,@,CHI,W 149-124
459,GSW,2018-10-28,@,BRK,W 120-114
460,GSW,2018-10-26,@,NYK,W 128-100
461,GSW,2018-10-24,,WAS,W 144-122
462,GSW,2018-10-22,,PHO,W 123-103
463,GSW,2018-10-21,@,DEN,L 98-100
464,GSW,2018-10-19,@,UTA,W 124-123
465,GSW,2018-10-16,,OKC,W 108-100
466,GSW,2018-04-10,@,UTA,L 79-119
467,GSW,2018-04-08,@,PHO,W 117-100
468,GSW,2018-04-07,,NOP,L 120-126
469,GSW,2018-04-05,@,IND,L 106-126
470,GSW,2018-04-03,@,OKC,W 111-107
471,GSW,2018-04-01,,PHO,W 117-107
472,GSW,2018-03-31,@,SAC,W 112-96
473,GSW,2018-03-29,,MIL,L 107-116
474,GSW,2018-03-27,,IND,L 81-92
475,GSW,2018-03-25,,UTA,L 91-110
476,GSW,2018-03-23,,ATL,W 106-94
477,GSW,2018-03-19,@,SAS,L 75-89
478,GSW,2018-03-17,@,PHO,W 124-109
479,GSW,2018-03-16,,SAC,L 93-98
480,GSW,2018-03-14,,LAL,W 117-106
481,GSW,2018-03-11,@,MIN,L 103-109
482,GSW,2018-03-09,@,POR,L 108-125
483,GSW,2018-03-08,,SAS,W 110-107
484,GSW,2018-03-06,,BRK,W 114-101
485,GSW,2018-03-02,@,ATL,W 114-109
486,GSW,2018-02-28,@,WAS,W 109-101
487,GSW,2018-02-26,@,NYK,W 125-111
488,GSW,2018-02-24,,OKC,W 112-80
489,GSW,2018-02-22,,LAC,W 134-127
490,GSW,2018-02-14,@,POR,L 117-123
491,GSW,2018-02-12,,PHO,W 129-83
492,GSW,2018-02-10,,SAS,W 122-105
493,GSW,2018-02-08,,DAL,W 121-103
494,GSW,2018-02-06,,OKC,L 105-125
495,GSW,2018-02-03,@,DEN,L 108-115
496,GSW,2018-02-02,@,SAC,W 119-104
497,GSW,2018-01-30,@,UTA,L 99-129
498,GSW,2018-01-27,,BOS,W 109-105
499,GSW,2018-01-25,,MIN,W 126-113
500,GSW,2018-01-23,,NYK,W 123-112
501,GSW,2018-01-20,@,HOU,L 108-116
502,GSW,2018-01-17,@,CHI,W 119-112
503,GSW,2018-01-15,@,CLE,W 118-108
504,GSW,2018-01-13,@,TOR,W 127-125
505,GSW,2018-01-12,@,MIL,W 108-94
506,GSW,2018-01-10,,LAC,L 106-125
507,GSW,2018-01-08,,DEN,W 124-114
508,GSW,2018-01-06,@,LAC,W 121-105
509,GSW,2018-01-04,@,HOU,W 124-114
510,GSW,2018-01-03,@,DAL,W 125-122
511,GSW,2017-12-30,,MEM,W 141-128
512,GSW,2017-12-29,,CHO,L 100-111
513,GSW,2017-12-27,,UTA,W 126-101
514,GSW,2017-12-25,,CLE,W 99-92
515,GSW,2017-12-23,,DEN,L 81-96
516,GSW,2017-12-22,,LAL,W 113-106
517,GSW,2017-12-20,,MEM,W 97-84
518,GSW,2017-12-18,@,LAL,W 116-114 (OT)
519,GSW,2017-12-14,,DAL,W 112-97
520,GSW,2017-12-11,,POR,W 111-104
521,GSW,2017-12-08,@,DET,W 102-98
522,GSW,2017-12-06,@,CHO,W 101-87
523,GSW,2017-12-04,@,NOP,W 125-115
524,GSW,2017-12-03,@,MIA,W 123-95
525,GSW,2017-12-01,@,ORL,W 133-112
526,GSW,2017-11-29,@,LAL,W 127-123 (OT)
527,GSW,2017-11-27,,SAC,L 106-110
528,GSW,2017-11-25,,NOP,W 110-95
529,GSW,2017-11-24,,CHI,W 143-94
530,GSW,2017-11-22,@,OKC,L 91-108
531,GSW,2017-11-19,@,BRK,W 118-111
532,GSW,2017-11-18,@,PHI,W 124-116
533,GSW,2017-11-16,@,BOS,L 88-92
534,GSW,2017-11-13,,ORL,W 110-100
535,GSW,2017-11-11,,PHI,W 135-114
536,GSW,2017-11-08,,MIN,W 125-101
537,GSW,2017-11-06,,MIA,W 97-80
538,GSW,2017-11-04,@,DEN,W 127-108
539,GSW,2017-11-02,@,SAS,W 112-92
540,GSW,2017-10-30,@,LAC,W 141-113
541,GSW,2017-10-29,,DET,L 107-115
542,GSW,2017-10-27,,WAS,W 120-117
543,GSW,2017-10-25,,TOR,W 117-112
544,GSW,2017-10-23,@,DAL,W 133-103
545,GSW,2017-10-21,@,MEM,L 101-111
546,GSW,2017-10-20,@,NOP,W 128-120
547,GSW,2017-10-17,,HOU,L 121-122
548,GSW,2017-04-12,,LAL,W 109-94
549,GSW,2017-04-10,,UTA,L 99-105
550,GSW,2017-04-08,,NOP,W 123-101
551,GSW,2017-04-05,@,PHO,W 120-111
552,GSW,2017-04-04,,MIN,W 121-107
553,GSW,2017-04-02,,WAS,W 139-115
554,GSW,2017-03-31,,HOU,W 107-98
555,GSW,2017-03-29,@,SAS,W 110-98
556,GSW,2017-03-28,@,HOU,W 113-106
557,GSW,2017-03-26,,MEM,W 106-94
558,GSW,2017-03-24,,SAC,W 114-100
559,GSW,2017-03-21,@,DAL,W 112-87
560,GSW,2017-03-20,@,OKC,W 111-95
561,GSW,2017-03-18,,MIL,W 117-92
562,GSW,2017-03-16,,ORL,W 122-92
563,GSW,2017-03-14,,PHI,W 106-104
564,GSW,2017-03-11,@,SAS,L 85-107
565,GSW,2017-03-10,@,MIN,L 102-103
566,GSW,2017-03-08,,BOS,L 86-99
567,GSW,2017-03-06,@,ATL,W 119-111
568,GSW,2017-03-05,@,NYK,W 112-105
569,GSW,2017-03-02,@,CHI,L 87-94
570,GSW,2017-02-28,@,WAS,L 108-112
571,GSW,2017-02-27,@,PHI,W 119-108
572,GSW,2017-02-25,,BRK,W 112-95
573,GSW,2017-02-23,,LAC,W 123-113
574,GSW,2017-02-15,,SAC,W 109-86
575,GSW,2017-02-13,@,DEN,L 110-132
576,GSW,2017-02-11,@,OKC,W 130-114
577,GSW,2017-02-10,@,MEM,W 122-107
578,GSW,2017-02-08,,CHI,W 123-92
579,GSW,2017-02-04,@,SAC,L 106-109 (OT)
580,GSW,2017-02-02,@,LAC,W 133-120
581,GSW,2017-02-01,,CHO,W 126-111
582,GSW,2017-01-29,@,POR,W 113-111
583,GSW,2017-01-28,,LAC,W 144-98
584,GSW,2017-01-25,@,CHO,W 113-103
585,GSW,2017-01-23,@,MIA,L 102-105
586,GSW,2017-01-22,@,ORL,W 118-98
587,GSW,2017-01-20,@,HOU,W 125-108
588,GSW,2017-01-18,,OKC,W 121-100
589,GSW,2017-01-16,,CLE,W 126-91
590,GSW,2017-01-12,,DET,W 127-107
591,GSW,2017-01-10,,MIA,W 107-95
592,GSW,2017-01-08,@,SAC,W 117-106
593,GSW,2017-01-06,,MEM,L 119-128 (OT)
594,GSW,2017-01-04,,POR,W 125-117
595,GSW,2017-01-02,,DEN,W 127-119
596,GSW,2016-12-30,,DAL,W 108-99
597,GSW,2016-12-28,,TOR,W 121-111
598,GSW,2016-12-25,@,CLE,L 108-109
599,GSW,2016-12-23,@,DET,W 119-113
600,GSW,2016-12-22,@,BRK,W 117-101
601,GSW,2016-12-20,,UTA,W 104-74
602,GSW,2016-12-17,,POR,W 135-90
603,GSW,2016-12-15,,NYK,W 103-90
604,GSW,2016-12-13,@,NOP,W 113-109
605,GSW,2016-12-11,@,MIN,W 116-108
606,GSW,2016-12-10,@,MEM,L 89-110
607,GSW,2016-12-08,@,UTA,W 106-99
608,GSW,2016-12-07,@,LAC,W 115-98
609,GSW,2016-12-05,,IND,W 142-106
610,GSW,2016-12-03,,PHO,W 138-109
611,GSW,2016-12-01,,HOU,L 127-132 (2OT)
612,GSW,2016-11-28,,ATL,W 105-100
613,GSW,2016-11-26,,MIN,W 115-102
614,GSW,2016-11-25,@,LAL,W 109-85
615,GSW,2016-11-23,,LAL,W 149-106
616,GSW,2016-11-21,@,IND,W 120-83
617,GSW,2016-11-19,@,MIL,W 124-121
618,GSW,2016-11-18,@,BOS,W 104-88
619,GSW,2016-11-16,@,TOR,W 127-121
620,GSW,2016-11-13,,PHO,W 133-120
621,GSW,2016-11-10,@,DEN,W 125-101
622,GSW,2016-11-09,,DAL,W 116-95
623,GSW,2016-11-07,,NOP,W 116-106
624,GSW,2016-11-04,@,LAL,L 97-117
625,GSW,2016-11-03,,OKC,W 122-96
626,GSW,2016-11-01,@,POR,W 127-104
627,GSW,2016-10-30,@,PHO,W 106-100
628,GSW,2016-10-28,@,NOP,W 122-114
629,GSW,2016-10-25,,SAS,L 100-129
630,GSW,2016-04-13,,MEM,W 125-104
631,GSW,2016-04-10,@,SAS,W 92-86
632,GSW,2016-04-09,@,MEM,W 100-99
633,GSW,2016-04-07,,SAS,W 112-101
634,GSW,2016-04-05,,MIN,L 117-124 (OT)
635,GSW,2016-04-03,,POR,W 136-111
636,GSW,2016-04-01,,BOS,L 106-109
637,GSW,2016-03-30,@,UTA,W 103-96 (OT)
638,GSW,2016-03-29,,WAS,W 102-94
639,GSW,2016-03-27,,PHI,W 117-105
640,GSW,2016-03-25,,DAL,W 128-120
641,GSW,2016-03-23,,LAC,W 114-98
642,GSW,2016-03-21,@,MIN,W 109-104
643,GSW,2016-03-19,@,SAS,L 79-87
644,GSW,2016-03-18,@,DAL,W 130-112
645,GSW,2016-03-16,,NYK,W 121-85
646,GSW,2016-03-14,,NOP,W 125-107
647,GSW,2016-03-12,,PHO,W 123-116
648,GSW,2016-03-11,,POR,W 128-112
649,GSW,2016-03-09,,UTA,W 115-94
650,GSW,2016-03-07,,ORL,W 119-113
651,GSW,2016-03-06,@,LAL,L 95-112
652,GSW,2016-03-03,,OKC,W 121-106
653,GSW,2016-03-01,,ATL,W 109-105 (OT)
654,GSW,2016-02-27,@,OKC,W 121-118 (OT)
655,GSW,2016-02-25,@,ORL,W 130-114
656,GSW,2016-02-24,@,MIA,W 118-112
657,GSW,2016-02-22,@,ATL,W 102-92
658,GSW,2016-02-20,@,LAC,W 115-112
659,GSW,2016-02-19,@,POR,L 105-137
660,GSW,2016-02-10,@,PHO,W 112-104
661,GSW,2016-02-09,,HOU,W 123-110
662,GSW,2016-02-06,,OKC,W 116-108
663,GSW,2016-02-03,@,WAS,W 134-121
664,GSW,2016-01-31,@,NYK,W 116-95
665,GSW,2016-01-30,@,PHI,W 108-105
666,GSW,2016-01-27,,DAL,W 127-107
667,GSW,2016-01-25,,SAS,W 120-90
668,GSW,2016-01-22,,IND,W 122-110
669,GSW,2016-01-20,@,CHI,W 125-94
670,GSW,2016-01-18,@,CLE,W 132-98
671,GSW,2016-01-16,@,DET,L 95-113
672,GSW,2016-01-14,,LAL,W 116-98
673,GSW,2016-01-13,@,DEN,L 110-112
674,GSW,2016-01-11,,MIA,W 111-103
675,GSW,2016-01-09,@,SAC,W 128-116
676,GSW,2016-01-08,@,POR,W 128-108
677,GSW,2016-01-05,@,LAL,W 109-88
678,GSW,2016-01-04,,CHO,W 111-101
679,GSW,2016-01-02,,DEN,W 111-108 (OT)
680,GSW,2015-12-31,@,HOU,W 114-110
681,GSW,2015-12-30,@,DAL,L 91-114
682,GSW,2015-12-28,,SAC,W 122-103
683,GSW,2015-12-25,,CLE,W 89-83
684,GSW,2015-12-23,,UTA,W 103-85
685,GSW,2015-12-18,,MIL,W 121-112
686,GSW,2015-12-16,,PHO,W 128-103
687,GSW,2015-12-12,@,MIL,L 95-108
688,GSW,2015-12-11,@,BOS,W 124-119 (2OT)
689,GSW,2015-12-08,@,IND,W 131-123
690,GSW,2015-12-06,@,BRK,W 114-98
691,GSW,2015-12-05,@,TOR,W 112-109
692,GSW,2015-12-02,@,CHO,W 116-99
693,GSW,2015-11-30,@,UTA,W 106-103
694,GSW,2015-11-28,,SAC,W 120-101
695,GSW,2015-11-27,@,PHO,W 135-116
696,GSW,2015-11-24,,LAL,W 111-77
697,GSW,2015-11-22,@,DEN,W 118-105
698,GSW,2015-11-20,,CHI,W 106-94
699,GSW,2015-11-19,@,LAC,W 124-117
700,GSW,2015-11-17,,TOR,W 115-110
701,GSW,2015-11-14,,BRK,W 107-99 (OT)
702,GSW,2015-11-12,@,MIN,W 129-116
703,GSW,2015-11-11,@,MEM,W 100-84
704,GSW,2015-11-09,,DET,W 109-95
705,GSW,2015-11-07,@,SAC,W 103-94
706,GSW,2015-11-06,,DEN,W 119-104
707,GSW,2015-11-04,,LAC,W 112-108
708,GSW,2015-11-02,,MEM,W 119-69
709,GSW,2015-10-31,@,NOP,W 134-120
710,GSW,2015-10-30,@,HOU,W 112-92
711,GSW,2015-10-27,,NOP,W 111-95
712,GSW,2015-04-15,,DEN,W 133-126
713,GSW,2015-04-13,,MEM,W 111-107
714,GSW,2015-04-11,,MIN,W 110-101
715,GSW,2015-04-09,,POR,W 116-105
716,GSW,2015-04-07,@,NOP,L 100-103
717,GSW,2015-04-05,@,SAS,L 92-107
718,GSW,2015-04-04,@,DAL,W 123-110
719,GSW,2015-04-02,,PHO,W 107-106
720,GSW,2015-03-31,@,LAC,W 110-106
721,GSW,2015-03-28,@,MIL,W 108-95
722,GSW,2015-03-27,@,MEM,W 107-84
723,GSW,2015-03-24,@,POR,W 122-108
724,GSW,2015-03-23,,WAS,W 107-76
725,GSW,2015-03-21,,UTA,W 106-91
726,GSW,2015-03-20,,NOP,W 112-96
727,GSW,2015-03-18,,ATL,W 114-95
728,GSW,2015-03-16,,LAL,W 108-105
729,GSW,2015-03-14,,NYK,W 125-94
730,GSW,2015-03-13,@,DEN,L 103-114
731,GSW,2015-03-11,,DET,W 105-98
732,GSW,2015-03-09,@,PHO,W 98-80
733,GSW,2015-03-08,,LAC,W 106-98
734,GSW,2015-03-06,,DAL,W 104-89
735,GSW,2015-03-04,,MIL,W 102-93
736,GSW,2015-03-02,@,BRK,L 108-110
737,GSW,2015-03-01,@,BOS,W 106-101
738,GSW,2015-02-27,@,TOR,W 113-89
739,GSW,2015-02-26,@,CLE,L 99-110
740,GSW,2015-02-24,@,WAS,W 114-107
741,GSW,2015-02-22,@,IND,L 98-104
742,GSW,2015-02-20,,SAS,W 110-99
743,GSW,2015-02-11,@,MIN,W 94-91
744,GSW,2015-02-09,@,PHI,W 89-84
745,GSW,2015-02-07,@,NYK,W 106-92
746,GSW,2015-02-06,@,ATL,L 116-124
747,GSW,2015-02-04,,DAL,W 128-114
748,GSW,2015-02-03,@,SAC,W 121-96
749,GSW,2015-01-31,,PHO,W 106-87
750,GSW,2015-01-30,@,UTA,L 100-110
751,GSW,2015-01-27,,CHI,L 111-113 (OT)
752,GSW,2015-01-25,,BOS,W 114-111
753,GSW,2015-01-23,,SAC,W 126-101
754,GSW,2015-01-21,,HOU,W 126-113
755,GSW,2015-01-19,,DEN,W 122-79
756,GSW,2015-01-17,@,HOU,W 131-106
757,GSW,2015-01-16,@,OKC,L 115-127
758,GSW,2015-01-14,,MIA,W 104-89
759,GSW,2015-01-13,@,UTA,W 116-105
760,GSW,2015-01-09,,CLE,W 112-94
761,GSW,2015-01-07,,IND,W 117-102
762,GSW,2015-01-05,,OKC,W 117-91
763,GSW,2015-01-02,,TOR,W 126-105
764,GSW,2014-12-30,,PHI,W 126-86
765,GSW,2014-12-27,,MIN,W 110-97
766,GSW,2014-12-25,@,LAC,L 86-100
767,GSW,2014-12-23,@,LAL,L 105-115
768,GSW,2014-12-22,,SAC,W 128-108
769,GSW,2014-12-18,,OKC,W 114-109
770,GSW,2014-12-16,@,MEM,L 98-105
771,GSW,2014-12-14,@,NOP,W 128-122 (OT)
772,GSW,2014-12-13,@,DAL,W 105-98
773,GSW,2014-12-10,,HOU,W 105-93
774,GSW,2014-12-08,@,MIN,W 102-86
775,GSW,2014-12-06,@,CHI,W 112-102
776,GSW,2014-12-04,,NOP,W 112-85
777,GSW,2014-12-02,,ORL,W 98-97
778,GSW,2014-11-30,@,DET,W 104-93
779,GSW,2014-11-28,@,CHO,W 106-101
780,GSW,2014-11-26,@,ORL,W 111-96
781,GSW,2014-11-25,@,MIA,W 114-97
782,GSW,2014-11-23,@,OKC,W 91-86
783,GSW,2014-11-21,,UTA,W 101-88
784,GSW,2014-11-16,@,LAL,W 136-115
785,GSW,2014-11-15,,CHO,W 112-87
786,GSW,2014-11-13,,BRK,W 107-99
787,GSW,2014-11-11,,SAS,L 100-113
788,GSW,2014-11-09,@,PHO,L 95-107
789,GSW,2014-11-08,@,HOU,W 98-87
790,GSW,2014-11-05,,LAC,W 121-104
791,GSW,2014-11-02,@,POR,W 95-90
792,GSW,2014-11-01,,LAL,W 127-104
793,GSW,2014-10-29,@,SAC,W 95-77
794,GSW,2014-04-16,@,DEN,W 116-112
795,GSW,2014-04-14,,MIN,W 130-120
796,GSW,2014-04-13,@,POR,L 117-119 (OT)
797,GSW,2014-04-11,@,LAL,W 112-95
798,GSW,2014-04-10,,DEN,L 99-100
799,GSW,2014-04-06,,UTA,W 130-102
800,GSW,2014-04-04,,SAC,W 102-69
801,GSW,2014-04-02,@,SAS,L 90-111
802,GSW,2014-04-01,@,DAL,W 122-120 (OT)
803,GSW,2014-03-30,,NYK,L 84-89
804,GSW,2014-03-28,,MEM,W 100-93
805,GSW,2014-03-22,,SAS,L 90-99
806,GSW,2014-03-20,,MIL,W 115-110
807,GSW,2014-03-18,,ORL,W 103-89
808,GSW,2014-03-16,@,POR,W 113-112
809,GSW,2014-03-14,,CLE,L 94-103
810,GSW,2014-03-12,@,LAC,L 98-111
811,GSW,2014-03-11,,DAL,W 108-85
812,GSW,2014-03-09,,PHO,W 113-107
813,GSW,2014-03-07,,ATL,W 111-97
814,GSW,2014-03-05,@,BOS,W 108-88
815,GSW,2014-03-04,@,IND,W 98-96
816,GSW,2014-03-02,@,TOR,L 98-104
817,GSW,2014-02-28,@,NYK,W 126-103
818,GSW,2014-02-26,@,CHI,L 83-103
819,GSW,2014-02-24,@,DET,W 104-96
820,GSW,2014-02-22,,BRK,W 93-86
821,GSW,2014-02-20,,HOU,W 102-99 (OT)
822,GSW,2014-02-19,@,SAC,W 101-92
823,GSW,2014-02-12,,MIA,L 110-111
824,GSW,2014-02-10,,PHI,W 123-80
825,GSW,2014-02-08,@,PHO,L 109-122
826,GSW,2014-02-06,,CHI,W 102-87
827,GSW,2014-02-04,,CHA,L 75-91
828,GSW,2014-01-31,@,UTA,W 95-90
829,GSW,2014-01-30,,LAC,W 111-92
830,GSW,2014-01-28,,WAS,L 85-88
831,GSW,2014-01-26,,POR,W 103-88
832,GSW,2014-01-24,,MIN,L 120-121
833,GSW,2014-01-20,,IND,L 94-102
834,GSW,2014-01-18,@,NOP,W 97-87
835,GSW,2014-01-17,@,OKC,L 121-127
836,GSW,2014-01-15,,DEN,L 116-123
837,GSW,2014-01-10,,BOS,W 99-97
838,GSW,2014-01-08,@,BRK,L 98-102
839,GSW,2014-01-07,@,MIL,W 101-80
840,GSW,2014-01-05,@,WAS,W 112-96
841,GSW,2014-01-03,@,ATL,W 101-100
842,GSW,2014-01-02,@,MIA,W 123-114
843,GSW,2013-12-31,@,ORL,W 94-81
844,GSW,2013-12-29,@,CLE,W 108-104 (OT)
845,GSW,2013-12-27,,PHO,W 115-86
846,GSW,2013-12-25,,LAC,W 105-103
847,GSW,2013-12-23,@,DEN,W 89-81
848,GSW,2013-12-21,,LAL,W 102-83
849,GSW,2013-12-19,,SAS,L 102-104
850,GSW,2013-12-17,,NOP,W 104-93
851,GSW,2013-12-15,@,PHO,L 102-106
852,GSW,2013-12-13,,HOU,L 112-116
853,GSW,2013-12-11,,DAL,W 95-93
854,GSW,2013-12-09,@,CHA,L 111-115
855,GSW,2013-12-07,@,MEM,W 108-82
856,GSW,2013-12-06,@,HOU,L 83-105
857,GSW,2013-12-03,,TOR,W 112-103
858,GSW,2013-12-01,@,SAC,W 115-113
859,GSW,2013-11-29,@,OKC,L 112-113 (OT)
860,GSW,2013-11-27,@,DAL,L 99-103
861,GSW,2013-11-26,@,NOP,W 102-101
862,GSW,2013-11-23,,POR,L 101-113
863,GSW,2013-11-22,@,LAL,L 95-102
864,GSW,2013-11-20,,MEM,L 81-88 (OT)
865,GSW,2013-11-18,@,UTA,W 98-87
866,GSW,2013-11-16,,UTA,W 102-88
867,GSW,2013-11-14,,OKC,W 116-115
868,GSW,2013-11-12,,DET,W 113-95
869,GSW,2013-11-09,@,MEM,L 90-108
870,GSW,2013-11-08,@,SAS,L 74-76
871,GSW,2013-11-06,@,MIN,W 106-93
872,GSW,2013-11-04,@,PHI,W 110-90
873,GSW,2013-11-02,,SAC,W 98-87
874,GSW,2013-10-31,@,LAC,L 115-126
875,GSW,2013-10-30,,LAL,W 125-94
876,GSW,2013-04-17,@,POR,W 99-88
877,GSW,2013-04-15,,SAS,W 116-106
878,GSW,2013-04-12,@,LAL,L 116-118
879,GSW,2013-04-11,,OKC,L 97-116
880,GSW,2013-04-09,,MIN,W 105-89
881,GSW,2013-04-07,,UTA,L 90-97
882,GSW,2013-04-05,@,PHO,W 111-107
883,GSW,2013-04-03,,NOH,W 98-88
884,GSW,2013-03-30,,POR,W 125-98
885,GSW,2013-03-27,,SAC,L 98-105
886,GSW,2013-03-25,,LAL,W 109-103
887,GSW,2013-03-23,,WAS,W 101-92
888,GSW,2013-03-20,@,SAS,L 93-104
889,GSW,2013-03-18,@,NOH,W 93-72
890,GSW,2013-03-17,@,HOU,W 108-78
891,GSW,2013-03-15,,CHI,L 95-113
892,GSW,2013-03-13,,DET,W 105-97
893,GSW,2013-03-11,,NYK,W 92-63
894,GSW,2013-03-09,,MIL,L 93-103
895,GSW,2013-03-08,,HOU,L 88-94
896,GSW,2013-03-06,,SAC,W 87-83
897,GSW,2013-03-04,,TOR,W 125-118
898,GSW,2013-03-02,@,PHI,L 97-104
899,GSW,2013-03-01,@,BOS,L 86-94
900,GSW,2013-02-27,@,NYK,L 105-109
901,GSW,2013-02-26,@,IND,L 97-108
902,GSW,2013-02-24,@,MIN,W 100-99
903,GSW,2013-02-22,,SAS,W 107-101 (OT)
904,GSW,2013-02-20,,PHO,W 108-98
905,GSW,2013-02-19,@,UTA,L 101-115
906,GSW,2013-02-12,,HOU,L 107-116
907,GSW,2013-02-09,@,DAL,L 91-116
908,GSW,2013-02-08,@,MEM,L 93-99
909,GSW,2013-02-06,@,OKC,L 98-119
910,GSW,2013-02-05,@,HOU,L 109-140
911,GSW,2013-02-02,,PHO,W 113-93
912,GSW,2013-01-31,,DAL,W 100-97
913,GSW,2013-01-29,@,CLE,W 108-95
914,GSW,2013-01-28,@,TOR,W 114-102
915,GSW,2013-01-26,@,MIL,L 102-109
916,GSW,2013-01-25,@,CHI,L 87-103
917,GSW,2013-01-23,,OKC,W 104-99
918,GSW,2013-01-21,,LAC,W 106-99
919,GSW,2013-01-19,@,NOH,W 116-112
920,GSW,2013-01-18,@,SAS,L 88-95
921,GSW,2013-01-16,,MIA,L 75-92
922,GSW,2013-01-13,@,DEN,L 105-116
923,GSW,2013-01-11,,POR,W 103-97
924,GSW,2013-01-09,,MEM,L 87-94
925,GSW,2013-01-05,@,LAC,L 89-115
926,GSW,2013-01-02,,LAC,W 115-94
927,GSW,2012-12-29,,BOS,W 101-83
928,GSW,2012-12-28,,PHI,W 96-89
929,GSW,2012-12-26,@,UTA,W 94-83
930,GSW,2012-12-22,,LAL,L 115-118 (OT)
931,GSW,2012-12-21,,CHA,W 115-100
932,GSW,2012-12-19,@,SAC,L 127-131
933,GSW,2012-12-18,,NOH,W 103-96
934,GSW,2012-12-15,@,ATL,W 115-93
935,GSW,2012-12-14,@,ORL,L 85-99
936,GSW,2012-12-12,@,MIA,W 97-95
937,GSW,2012-12-10,@,CHA,W 104-96
938,GSW,2012-12-08,@,WAS,W 101-97
939,GSW,2012-12-07,@,BRK,W 109-102
940,GSW,2012-12-05,@,DET,W 104-97
941,GSW,2012-12-03,,ORL,L 94-102
942,GSW,2012-12-01,,IND,W 103-92
943,GSW,2012-11-29,,DEN,W 106-105
944,GSW,2012-11-24,,MIN,W 96-85
945,GSW,2012-11-23,@,DEN,L 91-102
946,GSW,2012-11-21,,BRK,W 102-93
947,GSW,2012-11-19,@,DAL,W 105-101 (OT)
948,GSW,2012-11-18,@,OKC,L 109-119
949,GSW,2012-11-16,@,MIN,W 106-98
950,GSW,2012-11-14,,ATL,W 92-88
951,GSW,2012-11-10,,DEN,L 101-107 (2OT)
952,GSW,2012-11-09,@,LAL,L 77-101
953,GSW,2012-11-07,,CLE,W 106-96
954,GSW,2012-11-05,@,SAC,L 92-94
955,GSW,2012-11-03,@,LAC,W 114-110
956,GSW,2012-11-02,,MEM,L 94-104
957,GSW,2012-10-31,@,PHO,W 87-85
958,GSW,2012-04-26,,SAS,L 101-107
959,GSW,2012-04-24,,NOH,L 81-83
960,GSW,2012-04-22,@,MIN,W 93-88
961,GSW,2012-04-21,@,HOU,L 96-99
962,GSW,2012-04-20,@,DAL,L 94-104
963,GSW,2012-04-18,,LAL,L 87-99
964,GSW,2012-04-16,,SAS,L 99-120
965,GSW,2012-04-14,@,LAC,L 104-112
966,GSW,2012-04-12,,DAL,L 103-112
967,GSW,2012-04-11,@,POR,L 110-118
968,GSW,2012-04-09,@,DEN,L 84-123
969,GSW,2012-04-07,,DEN,W 112-97
970,GSW,2012-04-06,@,UTA,L 98-104
971,GSW,2012-04-04,@,MIN,W 97-94
972,GSW,2012-04-03,@,MEM,L 94-98
973,GSW,2012-04-01,@,LAL,L 112-120
974,GSW,2012-03-30,,NJN,L 100-102
975,GSW,2012-03-28,,NOH,L 87-102
976,GSW,2012-03-27,,LAL,L 101-104
977,GSW,2012-03-25,@,POR,L 87-90
978,GSW,2012-03-24,,SAC,W 111-108
979,GSW,2012-03-22,@,HOU,L 83-109
980,GSW,2012-03-21,@,NOH,W 101-92
981,GSW,2012-03-19,,MIN,L 93-97
982,GSW,2012-03-17,@,UTA,L 92-99 (OT)
983,GSW,2012-03-16,,MIL,L 98-120
984,GSW,2012-03-14,,BOS,L 103-105
985,GSW,2012-03-13,@,SAC,W 115-89
986,GSW,2012-03-11,@,LAC,W 97-93
987,GSW,2012-03-10,,DAL,W 111-87
988,GSW,2012-03-07,,MEM,L 92-110
989,GSW,2012-03-05,@,WAS,W 120-100
990,GSW,2012-03-04,@,TOR,L 75-83
991,GSW,2012-03-02,@,PHI,L 83-105
992,GSW,2012-02-29,@,ATL,W 85-82
993,GSW,2012-02-28,@,IND,L 78-102
994,GSW,2012-02-22,@,PHO,W 106-104
995,GSW,2012-02-20,,LAC,W 104-97
996,GSW,2012-02-18,@,MEM,L 103-104
997,GSW,2012-02-17,@,OKC,L 87-110
998,GSW,2012-02-15,,POR,L 91-93
999,GSW,2012-02-13,,PHO,W 102-96
1000,GSW,2012-02-12,,HOU,W 106-97
1001,GSW,2012-02-09,@,DEN,W 109-101
1002,GSW,2012-02-07,,OKC,L 116-119
1003,GSW,2012-02-04,@,SAC,L 106-114 (OT)
1004,GSW,2012-02-02,,UTA,W 119-101
1005,GSW,2012-01-31,,SAC,W 93-90
1006,GSW,2012-01-27,,OKC,L 109-120
1007,GSW,2012-01-25,,POR,W 101-93
1008,GSW,2012-01-23,,MEM,L 90-91
1009,GSW,2012-01-20,,IND,L 91-94
1010,GSW,2012-01-18,@,NJN,L 100-107
1011,GSW,2012-01-17,@,CLE,W 105-95
1012,GSW,2012-01-15,@,DET,W 99-91
1013,GSW,2012-01-14,@,CHA,L 100-112
1014,GSW,2012-01-12,,ORL,L 109-117
1015,GSW,2012-01-10,,MIA,W 111-106 (OT)
1016,GSW,2012-01-07,,UTA,L 87-88
1017,GSW,2012-01-06,@,LAL,L 90-97
1018,GSW,2012-01-04,@,SAS,L 95-101
1019,GSW,2012-01-02,@,PHO,L 91-102
1020,GSW,2011-12-31,,PHI,L 79-107
1021,GSW,2011-12-28,,NYK,W 92-78
1022,GSW,2011-12-26,,CHI,W 99-91
1023,GSW,2011-12-25,,LAC,L 86-105
1024,GSW,2011-04-13,,POR,W 110-86
1025,GSW,2011-04-11,@,DEN,L 111-134
1026,GSW,2011-04-10,,SAC,L 103-104
1027,GSW,2011-04-06,,LAL,W 95-87
1028,GSW,2011-04-05,@,POR,W 108-87
1029,GSW,2011-04-02,,DAL,W 99-92
1030,GSW,2011-03-30,@,MEM,L 91-110
1031,GSW,2011-03-29,@,OKC,L 114-115 (OT)
1032,GSW,2011-03-27,,WAS,W 114-104
1033,GSW,2011-03-25,,TOR,W 138-100
1034,GSW,2011-03-23,@,HOU,L 112-131
1035,GSW,2011-03-21,@,SAS,L 96-111
1036,GSW,2011-03-20,@,DAL,L 73-101
1037,GSW,2011-03-18,@,PHO,L 97-108
1038,GSW,2011-03-16,,DAL,L 106-112
1039,GSW,2011-03-14,@,SAC,L 119-129
1040,GSW,2011-03-13,,MIN,W 100-77
1041,GSW,2011-03-11,,ORL,W 123-120 (OT)
1042,GSW,2011-03-09,@,NJN,L 90-94
1043,GSW,2011-03-08,@,CLE,W 95-85
1044,GSW,2011-03-06,@,PHI,L 117-125 (OT)
1045,GSW,2011-03-04,@,BOS,L 103-107
1046,GSW,2011-03-02,@,WAS,W 106-102
1047,GSW,2011-03-01,@,IND,L 100-109
1048,GSW,2011-02-27,@,MIN,L 123-126
1049,GSW,2011-02-25,,ATL,L 79-95
1050,GSW,2011-02-22,,BOS,L 93-115
1051,GSW,2011-02-16,@,UTA,W 107-100
1052,GSW,2011-02-15,,NOH,W 102-89
1053,GSW,2011-02-13,,OKC,W 100-94
1054,GSW,2011-02-10,@,PHO,L 88-112
1055,GSW,2011-02-09,,DEN,W 116-114
1056,GSW,2011-02-07,,PHO,L 92-104
1057,GSW,2011-02-05,,CHI,W 101-90
1058,GSW,2011-02-03,,MIL,W 100-94
1059,GSW,2011-01-30,,UTA,W 96-81
1060,GSW,2011-01-28,,CHA,L 113-121 (OT)
1061,GSW,2011-01-26,,NOH,L 103-112
1062,GSW,2011-01-24,,SAS,L 102-113
1063,GSW,2011-01-22,@,LAC,L 109-113
1064,GSW,2011-01-21,,SAC,W 119-112 (OT)
1065,GSW,2011-01-19,,IND,W 110-108
1066,GSW,2011-01-17,,NJN,W 109-100
1067,GSW,2011-01-14,,LAC,W 122-112
1068,GSW,2011-01-12,,LAL,L 110-115
1069,GSW,2011-01-09,@,LAC,L 91-105
1070,GSW,2011-01-07,,CLE,W 116-98
1071,GSW,2011-01-05,@,NOH,W 110-103
1072,GSW,2011-01-03,@,ORL,L 90-110
1073,GSW,2011-01-01,@,MIA,L 107-114
1074,GSW,2010-12-31,@,CHA,W 96-95
1075,GSW,2010-12-29,@,ATL,L 93-103
1076,GSW,2010-12-27,,PHI,W 110-95
1077,GSW,2010-12-25,,POR,W 109-102
1078,GSW,2010-12-21,@,SAC,W 117-109 (OT)
1079,GSW,2010-12-20,,HOU,L 112-121
1080,GSW,2010-12-18,@,POR,L 95-96
1081,GSW,2010-12-14,,MIN,W 108-99
1082,GSW,2010-12-13,@,UTA,L 95-108
1083,GSW,2010-12-10,,MIA,L 84-106
1084,GSW,2010-12-08,@,SAS,L 94-111
1085,GSW,2010-12-07,@,DAL,L 100-105
1086,GSW,2010-12-05,@,OKC,L 109-114
1087,GSW,2010-12-02,,PHO,L 101-107
1088,GSW,2010-11-30,,SAS,L 98-118
1089,GSW,2010-11-27,@,MIN,W 104-94
1090,GSW,2010-11-26,@,MEM,L 111-116
1091,GSW,2010-11-24,@,HOU,L 101-111
1092,GSW,2010-11-22,,DEN,L 89-106
1093,GSW,2010-11-21,@,LAL,L 89-117
1094,GSW,2010-11-19,,NYK,L 119-125
1095,GSW,2010-11-15,,DET,W 101-97
1096,GSW,2010-11-13,@,MIL,L 72-79
1097,GSW,2010-11-11,@,CHI,L 90-120
1098,GSW,2010-11-10,@,NYK,W 122-117
1099,GSW,2010-11-08,@,TOR,W 109-102
1100,GSW,2010-11-07,@,DET,L 97-102
1101,GSW,2010-11-05,,UTA,W 85-78
1102,GSW,2010-11-03,,MEM,W 115-109
1103,GSW,2010-10-31,@,LAL,L 83-107
1104,GSW,2010-10-29,,LAC,W 109-91
1105,GSW,2010-10-27,,HOU,W 132-128
1106,GSW,2010-04-14,@,POR,W 122-116
1107,GSW,2010-04-13,,UTA,L 94-103
1108,GSW,2010-04-11,,OKC,W 120-117
1109,GSW,2010-04-10,@,LAC,L 104-107
1110,GSW,2010-04-07,@,MIN,W 116-107
1111,GSW,2010-04-06,@,WAS,L 94-112
1112,GSW,2010-04-04,@,TOR,W 113-112
1113,GSW,2010-04-02,,NYK,W 128-117
1114,GSW,2010-03-31,@,UTA,L 104-128
1115,GSW,2010-03-28,@,LAC,W 121-103
1116,GSW,2010-03-27,,DAL,L 90-111
1117,GSW,2010-03-24,,MEM,W 128-110
1118,GSW,2010-03-22,,PHO,L 131-133
1119,GSW,2010-03-20,@,MEM,L 107-123
1120,GSW,2010-03-19,@,SAS,L 116-147
1121,GSW,2010-03-17,,NOH,W 131-121
1122,GSW,2010-03-15,,LAL,L 121-124
1123,GSW,2010-03-13,,TOR,W 124-112
1124,GSW,2010-03-11,,POR,L 105-110
1125,GSW,2010-03-08,@,NOH,L 131-135
1126,GSW,2010-03-06,@,CHA,L 90-101
1127,GSW,2010-03-05,@,ATL,L 122-127
1128,GSW,2010-03-03,@,ORL,L 90-117
1129,GSW,2010-03-02,@,MIA,L 106-110
1130,GSW,2010-02-27,,DET,W 95-88
1131,GSW,2010-02-25,,DEN,L 112-127
1132,GSW,2010-02-23,,PHI,L 102-110
1133,GSW,2010-02-21,,ATL,W 108-104
1134,GSW,2010-02-19,,UTA,L 89-100
1135,GSW,2010-02-17,,SAC,W 130-98
1136,GSW,2010-02-16,@,LAL,L 94-104
1137,GSW,2010-02-10,,LAC,W 132-102
1138,GSW,2010-02-08,,DAL,L 117-127
1139,GSW,2010-02-06,,OKC,L 95-104
1140,GSW,2010-02-03,@,DAL,L 101-110
1141,GSW,2010-02-02,@,HOU,L 97-119
1142,GSW,2010-01-31,@,OKC,L 104-112
1143,GSW,2010-01-29,,CHA,L 110-121
1144,GSW,2010-01-27,,NOH,L 110-123
1145,GSW,2010-01-26,@,SAC,L 96-99
1146,GSW,2010-01-23,@,PHO,L 103-112
1147,GSW,2010-01-22,,NJN,W 111-79
1148,GSW,2010-01-20,,DEN,L 118-123 (OT)
1149,GSW,2010-01-18,,CHI,W 114-97
1150,GSW,2010-01-15,,MIL,L 104-113
1151,GSW,2010-01-13,,MIA,L 102-115
1152,GSW,2010-01-11,,CLE,L 114-117
1153,GSW,2010-01-08,,SAC,W 108-101
1154,GSW,2010-01-06,@,MIN,W 107-101
1155,GSW,2010-01-05,@,DEN,L 122-123
1156,GSW,2010-01-02,@,POR,L 89-105
1157,GSW,2009-12-29,@,LAL,L 118-124
1158,GSW,2009-12-28,,BOS,W 103-99
1159,GSW,2009-12-26,,PHO,W 132-127
1160,GSW,2009-12-23,@,NOH,L 102-108
1161,GSW,2009-12-22,@,MEM,L 108-121
1162,GSW,2009-12-18,,WAS,L 109-118
1163,GSW,2009-12-16,,SAS,L 91-103
1164,GSW,2009-12-14,@,PHI,L 101-117
1165,GSW,2009-12-12,@,DET,L 95-104
1166,GSW,2009-12-11,@,CHI,L 91-96 (OT)
1167,GSW,2009-12-09,@,NJN,W 105-89
1168,GSW,2009-12-07,@,OKC,L 88-104
1169,GSW,2009-12-05,,ORL,L 118-126
1170,GSW,2009-12-03,,HOU,L 109-111
1171,GSW,2009-12-01,@,DEN,L 107-135
1172,GSW,2009-11-30,,IND,W 126-107
1173,GSW,2009-11-28,,LAL,L 97-130
1174,GSW,2009-11-25,@,SAS,L 104-118
1175,GSW,2009-11-24,@,DAL,W 111-103
1176,GSW,2009-11-20,,POR,W 108-94
1177,GSW,2009-11-18,@,BOS,L 95-109
1178,GSW,2009-11-17,@,CLE,L 108-114
1179,GSW,2009-11-14,@,MIL,L 125-129
1180,GSW,2009-11-13,@,NYK,W 121-107
1181,GSW,2009-11-11,@,IND,L 94-108
1182,GSW,2009-11-09,,MIN,W 146-105
1183,GSW,2009-11-08,@,SAC,L 107-120
1184,GSW,2009-11-06,,LAC,L 90-118
1185,GSW,2009-11-04,,MEM,W 113-105
1186,GSW,2009-10-30,@,PHO,L 101-123
1187,GSW,2009-10-28,,HOU,L 107-108